"fold","arch","seed","naive","Acc","Acc_flip","Sens","Spec","is_MC","flip_beats_naive","strict_anti_pred"
1,"BiLSTM",23,0.545,0.555,0.445,0.626373626373626,0.495412844036697,FALSE,FALSE,FALSE
1,"BiLSTM",42,0.545,0.545,0.455,0.571428571428571,0.522935779816514,FALSE,FALSE,FALSE
1,"BiLSTM",98,0.545,0.545,0.455,0.604395604395604,0.495412844036697,FALSE,FALSE,FALSE
1,"GRU",23,0.545,0.565,0.435,0.571428571428571,0.559633027522936,FALSE,FALSE,FALSE
1,"GRU",42,0.545,0.495,0.505,0.417582417582418,0.559633027522936,FALSE,FALSE,FALSE
1,"GRU",98,0.545,0.525,0.475,0.582417582417582,0.477064220183486,FALSE,FALSE,FALSE
1,"SimpleRNN",23,0.545,0.505,0.495,0.637362637362637,0.394495412844037,FALSE,FALSE,FALSE
1,"SimpleRNN",42,0.545,0.545,0.455,0.615384615384615,0.486238532110092,FALSE,FALSE,FALSE
1,"SimpleRNN",98,0.545,0.515,0.485,0.516483516483517,0.513761467889908,FALSE,FALSE,FALSE
1,"Conv1D",23,0.545,0.525,0.475,0.417582417582418,0.614678899082569,FALSE,FALSE,FALSE
1,"Conv1D",42,0.545,0.56,0.44,0.571428571428571,0.55045871559633,FALSE,FALSE,FALSE
1,"Conv1D",98,0.545,0.48,0.52,0.43956043956044,0.513761467889908,FALSE,FALSE,FALSE
1,"TCN",23,0.545,0.55,0.45,0.747252747252747,0.385321100917431,FALSE,FALSE,FALSE
1,"TCN",42,0.545,0.535,0.465,0.626373626373626,0.458715596330275,FALSE,FALSE,FALSE
1,"TCN",98,0.545,0.535,0.465,0.505494505494505,0.559633027522936,FALSE,FALSE,FALSE
1,"Transformer",23,0.545,0.53,0.47,0.549450549450549,0.513761467889908,FALSE,FALSE,FALSE
1,"Transformer",42,0.545,0.555,0.445,0.626373626373626,0.495412844036697,FALSE,FALSE,FALSE
1,"Transformer",98,0.545,0.48,0.52,0.461538461538462,0.495412844036697,FALSE,FALSE,FALSE
2,"BiLSTM",23,0.43,0.47,0.53,0.324561403508772,0.662790697674419,FALSE,TRUE,FALSE
2,"BiLSTM",42,0.43,0.435,0.565,0.526315789473684,0.313953488372093,FALSE,TRUE,FALSE
2,"BiLSTM",98,0.43,0.465,0.535,0.535087719298246,0.372093023255814,FALSE,TRUE,FALSE
2,"GRU",23,0.43,0.44,0.56,0.535087719298246,0.313953488372093,FALSE,TRUE,FALSE
2,"GRU",42,0.43,0.44,0.56,0.456140350877193,0.418604651162791,FALSE,TRUE,FALSE
2,"GRU",98,0.43,0.49,0.51,0.578947368421053,0.372093023255814,FALSE,TRUE,FALSE
2,"SimpleRNN",23,0.43,0.38,0.62,0.429824561403509,0.313953488372093,FALSE,TRUE,TRUE
2,"SimpleRNN",42,0.43,0.455,0.545,0.535087719298246,0.348837209302326,FALSE,TRUE,FALSE
2,"SimpleRNN",98,0.43,0.415,0.585,0.412280701754386,0.418604651162791,FALSE,TRUE,TRUE
2,"Conv1D",23,0.43,0.445,0.555,0.482456140350877,0.395348837209302,FALSE,TRUE,FALSE
2,"Conv1D",42,0.43,0.45,0.55,0.508771929824561,0.372093023255814,FALSE,TRUE,FALSE
2,"Conv1D",98,0.43,0.47,0.53,0.491228070175439,0.441860465116279,FALSE,TRUE,FALSE
2,"TCN",23,0.43,0.445,0.555,0.447368421052632,0.441860465116279,FALSE,TRUE,FALSE
2,"TCN",42,0.43,0.455,0.545,0.508771929824561,0.383720930232558,FALSE,TRUE,FALSE
2,"TCN",98,0.43,0.48,0.52,0.307017543859649,0.709302325581395,FALSE,TRUE,FALSE
2,"Transformer",23,0.43,0.505,0.495,0.535087719298246,0.465116279069767,FALSE,TRUE,FALSE
2,"Transformer",42,0.43,0.46,0.54,0.535087719298246,0.36046511627907,FALSE,TRUE,FALSE
2,"Transformer",98,0.43,0.485,0.515,0.412280701754386,0.581395348837209,FALSE,TRUE,FALSE
3,"BiLSTM",23,0.325,0.575,0.425,0.585185185185185,0.553846153846154,FALSE,TRUE,FALSE
3,"BiLSTM",42,0.325,0.525,0.475,0.474074074074074,0.630769230769231,FALSE,TRUE,FALSE
3,"BiLSTM",98,0.325,0.515,0.485,0.488888888888889,0.569230769230769,FALSE,TRUE,FALSE
3,"GRU",23,0.325,0.555,0.445,0.562962962962963,0.538461538461538,FALSE,TRUE,FALSE
3,"GRU",42,0.325,0.445,0.555,0.422222222222222,0.492307692307692,FALSE,TRUE,FALSE
3,"GRU",98,0.325,0.515,0.485,0.451851851851852,0.646153846153846,FALSE,TRUE,FALSE
3,"SimpleRNN",23,0.325,0.585,0.415,0.666666666666667,0.415384615384615,FALSE,TRUE,FALSE
3,"SimpleRNN",42,0.325,0.595,0.405,0.644444444444444,0.492307692307692,FALSE,TRUE,FALSE
3,"SimpleRNN",98,0.325,0.61,0.39,0.674074074074074,0.476923076923077,FALSE,TRUE,FALSE
3,"Conv1D",23,0.325,0.59,0.41,0.688888888888889,0.384615384615385,FALSE,TRUE,FALSE
3,"Conv1D",42,0.325,0.57,0.43,0.585185185185185,0.538461538461538,FALSE,TRUE,FALSE
3,"Conv1D",98,0.325,0.555,0.445,0.577777777777778,0.507692307692308,FALSE,TRUE,FALSE
3,"TCN",23,0.325,0.63,0.37,0.718518518518519,0.446153846153846,FALSE,TRUE,FALSE
3,"TCN",42,0.325,0.63,0.37,0.718518518518519,0.446153846153846,FALSE,TRUE,FALSE
3,"TCN",98,0.325,0.53,0.47,0.459259259259259,0.676923076923077,FALSE,TRUE,FALSE
3,"Transformer",23,0.325,0.605,0.395,0.62962962962963,0.553846153846154,FALSE,TRUE,FALSE
3,"Transformer",42,0.325,0.555,0.445,0.555555555555556,0.553846153846154,FALSE,TRUE,FALSE
3,"Transformer",98,0.325,0.515,0.485,0.474074074074074,0.6,FALSE,TRUE,FALSE
4,"BiLSTM",23,0.58,0.49,0.51,0.491379310344828,0.488095238095238,FALSE,FALSE,FALSE
4,"BiLSTM",42,0.58,0.465,0.535,0.508620689655172,0.404761904761905,FALSE,FALSE,FALSE
4,"BiLSTM",98,0.58,0.505,0.495,0.5,0.511904761904762,FALSE,FALSE,FALSE
4,"GRU",23,0.58,0.47,0.53,0.5,0.428571428571429,FALSE,FALSE,FALSE
4,"GRU",42,0.58,0.5,0.5,0.53448275862069,0.452380952380952,FALSE,FALSE,FALSE
4,"GRU",98,0.58,0.53,0.47,0.53448275862069,0.523809523809524,FALSE,FALSE,FALSE
4,"SimpleRNN",23,0.58,0.51,0.49,0.560344827586207,0.44047619047619,FALSE,FALSE,FALSE
4,"SimpleRNN",42,0.58,0.47,0.53,0.551724137931034,0.357142857142857,FALSE,FALSE,FALSE
4,"SimpleRNN",98,0.58,0.48,0.52,0.46551724137931,0.5,FALSE,FALSE,FALSE
4,"Conv1D",23,0.58,0.545,0.455,0.508620689655172,0.595238095238095,FALSE,FALSE,FALSE
4,"Conv1D",42,0.58,0.51,0.49,0.53448275862069,0.476190476190476,FALSE,FALSE,FALSE
4,"Conv1D",98,0.58,0.475,0.525,0.439655172413793,0.523809523809524,FALSE,FALSE,FALSE
4,"TCN",23,0.58,0.525,0.475,0.508620689655172,0.547619047619048,FALSE,FALSE,FALSE
4,"TCN",42,0.58,0.55,0.45,0.456896551724138,0.678571428571429,FALSE,FALSE,FALSE
4,"TCN",98,0.58,0.5,0.5,0.5,0.5,FALSE,FALSE,FALSE
4,"Transformer",23,0.58,0.435,0.565,0.362068965517241,0.535714285714286,FALSE,FALSE,FALSE
4,"Transformer",42,0.58,0.49,0.51,0.517241379310345,0.452380952380952,FALSE,FALSE,FALSE
4,"Transformer",98,0.58,0.505,0.495,0.439655172413793,0.595238095238095,FALSE,FALSE,FALSE
5,"BiLSTM",23,0.61,0.505,0.495,0.532786885245902,0.461538461538462,FALSE,FALSE,FALSE
5,"BiLSTM",42,0.61,0.535,0.465,0.581967213114754,0.461538461538462,FALSE,FALSE,FALSE
5,"BiLSTM",98,0.61,0.51,0.49,0.549180327868853,0.448717948717949,FALSE,FALSE,FALSE
5,"GRU",23,0.61,0.515,0.485,0.516393442622951,0.512820512820513,FALSE,FALSE,FALSE
5,"GRU",42,0.61,0.49,0.51,0.467213114754098,0.525641025641026,FALSE,FALSE,FALSE
5,"GRU",98,0.61,0.505,0.495,0.508196721311475,0.5,FALSE,FALSE,FALSE
5,"SimpleRNN",23,0.61,0.53,0.47,0.581967213114754,0.448717948717949,FALSE,FALSE,FALSE
5,"SimpleRNN",42,0.61,0.47,0.53,0.491803278688525,0.435897435897436,FALSE,FALSE,FALSE
5,"SimpleRNN",98,0.61,0.46,0.54,0.442622950819672,0.487179487179487,FALSE,FALSE,FALSE
5,"Conv1D",23,0.61,0.49,0.51,0.540983606557377,0.41025641025641,FALSE,FALSE,FALSE
5,"Conv1D",42,0.61,0.505,0.495,0.516393442622951,0.487179487179487,FALSE,FALSE,FALSE
5,"Conv1D",98,0.61,0.515,0.485,0.549180327868853,0.461538461538462,FALSE,FALSE,FALSE
5,"TCN",23,0.61,0.545,0.455,0.614754098360656,0.435897435897436,FALSE,FALSE,FALSE
5,"TCN",42,0.61,0.52,0.48,0.508196721311475,0.538461538461538,FALSE,FALSE,FALSE
5,"TCN",98,0.61,0.505,0.495,0.565573770491803,0.41025641025641,FALSE,FALSE,FALSE
5,"Transformer",23,0.61,0.54,0.46,0.573770491803279,0.487179487179487,FALSE,FALSE,FALSE
5,"Transformer",42,0.61,0.485,0.515,0.532786885245902,0.41025641025641,FALSE,FALSE,FALSE
5,"Transformer",98,0.61,0.52,0.48,0.475409836065574,0.58974358974359,FALSE,FALSE,FALSE
6,"BiLSTM",23,0.46,0.5,0.5,0.597826086956522,0.416666666666667,FALSE,TRUE,FALSE
6,"BiLSTM",42,0.46,0.555,0.445,0.608695652173913,0.509259259259259,FALSE,FALSE,FALSE
6,"BiLSTM",98,0.46,0.52,0.48,0.641304347826087,0.416666666666667,FALSE,TRUE,FALSE
6,"GRU",23,0.46,0.49,0.51,0.5,0.481481481481481,FALSE,TRUE,FALSE
6,"GRU",42,0.46,0.485,0.515,0.489130434782609,0.481481481481481,FALSE,TRUE,FALSE
6,"GRU",98,0.46,0.47,0.53,0.478260869565217,0.462962962962963,FALSE,TRUE,FALSE
6,"SimpleRNN",23,0.46,0.5,0.5,0.41304347826087,0.574074074074074,FALSE,TRUE,FALSE
6,"SimpleRNN",42,0.46,0.505,0.495,0.434782608695652,0.564814814814815,FALSE,TRUE,FALSE
6,"SimpleRNN",98,0.46,0.495,0.505,0.41304347826087,0.564814814814815,FALSE,TRUE,FALSE
6,"Conv1D",23,0.46,0.5,0.5,0.565217391304348,0.444444444444444,FALSE,TRUE,FALSE
6,"Conv1D",42,0.46,0.545,0.455,0.554347826086957,0.537037037037037,FALSE,FALSE,FALSE
6,"Conv1D",98,0.46,0.505,0.495,0.619565217391304,0.407407407407407,FALSE,TRUE,FALSE
6,"TCN",23,0.46,0.46,0.54,0.445652173913043,0.472222222222222,FALSE,TRUE,TRUE
6,"TCN",42,0.46,0.54,0.46,0.489130434782609,0.583333333333333,FALSE,FALSE,FALSE
6,"TCN",98,0.46,0.48,0.52,0.66304347826087,0.324074074074074,FALSE,TRUE,FALSE
6,"Transformer",23,0.46,0.55,0.45,0.521739130434783,0.574074074074074,FALSE,FALSE,FALSE
6,"Transformer",42,0.46,0.495,0.505,0.391304347826087,0.583333333333333,FALSE,TRUE,FALSE
6,"Transformer",98,0.46,0.51,0.49,0.478260869565217,0.537037037037037,FALSE,TRUE,FALSE
7,"BiLSTM",23,0.53,0.435,0.565,0.386792452830189,0.48936170212766,FALSE,TRUE,TRUE
7,"BiLSTM",42,0.53,0.505,0.495,0.528301886792453,0.478723404255319,FALSE,FALSE,FALSE
7,"BiLSTM",98,0.53,0.43,0.57,0.528301886792453,0.319148936170213,FALSE,TRUE,TRUE
7,"GRU",23,0.53,0.49,0.51,0.452830188679245,0.531914893617021,FALSE,FALSE,FALSE
7,"GRU",42,0.53,0.475,0.525,0.556603773584906,0.382978723404255,FALSE,FALSE,FALSE
7,"GRU",98,0.53,0.465,0.535,0.547169811320755,0.372340425531915,FALSE,TRUE,TRUE
7,"SimpleRNN",23,0.53,0.48,0.52,0.471698113207547,0.48936170212766,FALSE,FALSE,FALSE
7,"SimpleRNN",42,0.53,0.51,0.49,0.490566037735849,0.531914893617021,FALSE,FALSE,FALSE
7,"SimpleRNN",98,0.53,0.485,0.515,0.424528301886792,0.553191489361702,FALSE,FALSE,FALSE
7,"Conv1D",23,0.53,0.49,0.51,0.509433962264151,0.468085106382979,FALSE,FALSE,FALSE
7,"Conv1D",42,0.53,0.44,0.56,0.584905660377358,0.276595744680851,FALSE,TRUE,TRUE
7,"Conv1D",98,0.53,0.49,0.51,0.622641509433962,0.340425531914894,FALSE,FALSE,FALSE
7,"TCN",23,0.53,0.47,0.53,0.584905660377358,0.340425531914894,FALSE,FALSE,FALSE
7,"TCN",42,0.53,0.445,0.555,0.509433962264151,0.372340425531915,FALSE,TRUE,TRUE
7,"TCN",98,0.53,0.465,0.535,0.622641509433962,0.287234042553192,FALSE,TRUE,TRUE
7,"Transformer",23,0.53,0.485,0.515,0.594339622641509,0.361702127659574,FALSE,FALSE,FALSE
7,"Transformer",42,0.53,0.45,0.55,0.311320754716981,0.606382978723404,FALSE,TRUE,TRUE
7,"Transformer",98,0.53,0.455,0.545,0.462264150943396,0.446808510638298,FALSE,TRUE,TRUE
