"day","actual","vote_count","majority_signal","SMA_Cross","EMA_Cross","RSI_14","MACD","BBand","Stoch","CCI","WilliamsR","ADX","ROC"
8936,0,1,0,0,0,0,0,0,0,0,1,0,0
8937,1,2,0,0,0,0,0,0,1,0,1,0,0
8938,0,1,0,0,0,0,0,0,0,0,1,0,0
8939,0,1,0,0,0,0,0,0,0,0,1,0,0
8940,0,1,0,0,0,0,0,0,0,0,1,0,0
8941,1,2,0,0,0,0,0,0,1,0,1,0,0
8942,1,2,0,0,0,0,0,0,1,0,1,0,0
8943,0,1,0,0,0,0,0,0,0,0,1,0,0
8944,1,2,0,0,0,0,0,0,1,0,1,0,0
8945,0,1,0,0,0,0,0,0,0,0,1,0,0
8946,1,6,1,0,0,0,1,1,1,1,1,0,1
8947,0,4,0,0,0,0,1,0,1,0,1,0,1
8948,1,8,1,0,0,1,1,1,1,1,1,1,1
8949,1,9,1,1,0,1,1,1,1,1,1,1,1
8950,0,8,1,1,0,1,1,1,0,1,1,1,1
8951,0,6,1,1,0,0,1,1,0,1,1,0,1
8952,1,6,1,1,0,0,1,1,0,1,1,0,1
8953,1,9,1,1,0,1,1,1,1,1,1,1,1
8954,0,9,1,1,0,1,1,1,1,1,1,1,1
8955,0,8,1,1,0,1,1,1,0,1,1,1,1
8956,1,9,1,1,0,1,1,1,1,1,1,1,1
8957,0,9,1,1,1,1,1,1,0,1,1,1,1
8958,0,9,1,1,1,1,1,1,0,1,1,1,1
8959,0,8,1,1,1,1,1,1,0,1,1,1,0
8960,1,10,1,1,1,1,1,1,1,1,1,1,1
8961,1,10,1,1,1,1,1,1,1,1,1,1,1
8962,1,10,1,1,1,1,1,1,1,1,1,1,1
8963,0,9,1,1,1,1,1,1,0,1,1,1,1
8964,1,10,1,1,1,1,1,1,1,1,1,1,1
8965,1,10,1,1,1,1,1,1,1,1,1,1,1
8966,1,9,1,1,1,1,1,1,0,1,1,1,1
8967,0,9,1,1,1,1,1,1,0,1,1,1,1
8968,1,10,1,1,1,1,1,1,1,1,1,1,1
8969,0,9,1,1,1,1,1,1,0,1,1,1,1
8970,0,3,0,1,1,0,0,0,0,0,1,0,0
8971,1,3,0,1,1,0,0,0,0,0,1,0,0
8972,1,8,1,1,1,1,0,1,1,1,1,1,0
8973,0,4,0,0,1,1,0,0,0,0,1,1,0
8974,1,7,1,0,1,1,0,1,1,1,1,1,0
8975,1,8,1,1,1,1,0,1,1,1,1,1,0
8976,1,10,1,1,1,1,1,1,1,1,1,1,1
8977,1,10,1,1,1,1,1,1,1,1,1,1,1
8978,0,9,1,1,1,1,1,1,0,1,1,1,1
8979,1,10,1,1,1,1,1,1,1,1,1,1,1
8980,1,10,1,1,1,1,1,1,1,1,1,1,1
8981,0,9,1,1,1,1,1,1,0,1,1,1,1
8982,1,9,1,1,1,1,1,1,0,1,1,1,1
8983,0,9,1,1,1,1,1,1,0,1,1,1,1
8984,1,10,1,1,1,1,1,1,1,1,1,1,1
8985,1,10,1,1,1,1,1,1,1,1,1,1,1
8986,1,10,1,1,1,1,1,1,1,1,1,1,1
8987,1,9,1,1,1,1,1,1,0,1,1,1,1
8988,1,9,1,1,1,1,1,1,0,1,1,1,1
8989,1,9,1,1,1,1,1,1,0,1,1,1,1
8990,0,9,1,1,1,1,1,1,0,1,1,1,1
8991,1,9,1,1,1,1,1,1,0,1,1,1,1
8992,0,8,1,1,1,1,0,1,0,1,1,1,1
8993,1,8,1,1,1,1,0,1,0,1,1,1,1
8994,0,8,1,1,1,1,0,1,0,1,1,1,1
8995,0,6,1,1,1,1,0,0,0,0,1,1,1
8996,1,7,1,1,1,1,0,0,1,0,1,1,1
8997,1,9,1,1,1,1,0,1,1,1,1,1,1
8998,1,8,1,1,1,1,0,1,1,1,1,1,0
8999,1,8,1,1,1,1,0,1,1,1,1,1,0
9000,1,9,1,1,1,1,0,1,1,1,1,1,1
9001,0,8,1,1,1,1,0,1,0,1,1,1,1
9002,0,8,1,1,1,1,0,1,0,1,1,1,1
9003,0,3,0,1,1,0,0,0,0,0,1,0,0
9004,0,3,0,1,1,0,0,0,0,0,1,0,0
9005,1,3,0,0,1,0,0,0,1,0,1,0,0
9006,0,3,0,0,1,0,0,0,1,0,1,0,0
9007,0,2,0,0,1,0,0,0,0,0,1,0,0
9008,0,1,0,0,0,0,0,0,0,0,1,0,0
9009,1,2,0,0,0,0,0,0,1,0,1,0,0
9010,1,2,0,0,0,0,0,0,1,0,1,0,0
9011,0,1,0,0,0,0,0,0,0,0,1,0,0
9012,0,1,0,0,0,0,0,0,0,0,1,0,0
9013,0,1,0,0,0,0,0,0,0,0,1,0,0
9014,1,2,0,0,0,0,0,0,1,0,1,0,0
9015,0,1,0,0,0,0,0,0,0,0,1,0,0
9016,0,1,0,0,0,0,0,0,0,0,1,0,0
9017,0,1,0,0,0,0,0,0,0,0,1,0,0
9018,1,2,0,0,0,0,0,0,1,0,1,0,0
9019,0,1,0,0,0,0,0,0,0,0,1,0,0
9020,0,1,0,0,0,0,0,0,0,0,1,0,0
9021,0,1,0,0,0,0,0,0,0,0,1,0,0
9022,0,1,0,0,0,0,0,0,0,0,1,0,0
9023,0,1,0,0,0,0,0,0,0,0,1,0,0
9024,0,1,0,0,0,0,0,0,0,0,1,0,0
9025,1,2,0,0,0,0,0,0,1,0,1,0,0
9026,1,2,0,0,0,0,0,0,1,0,1,0,0
9027,1,2,0,0,0,0,0,0,1,0,1,0,0
9028,1,2,0,0,0,0,0,0,1,0,1,0,0
9029,0,2,0,0,0,0,0,0,1,0,1,0,0
9030,1,3,0,0,0,0,1,0,1,0,1,0,0
9031,0,3,0,0,0,0,1,0,1,0,1,0,0
9032,1,6,1,0,0,0,1,1,1,1,1,0,1
9033,1,6,1,0,0,0,1,1,1,1,1,0,1
9034,1,9,1,1,0,1,1,1,1,1,1,1,1
9035,0,6,1,1,0,0,1,1,0,1,1,0,1
9036,0,4,0,1,0,0,1,0,0,0,1,0,1
9037,1,7,1,1,0,0,1,1,1,1,1,0,1
9038,1,7,1,1,0,0,1,1,1,1,1,0,1
9039,0,7,1,1,0,0,1,1,1,1,1,0,1
9040,0,3,0,1,0,0,1,0,0,0,1,0,0
9041,0,3,0,1,0,0,1,0,0,0,1,0,0
9042,1,4,0,1,0,0,1,0,1,0,1,0,0
9043,1,5,0,0,0,0,1,1,1,1,1,0,0
9044,0,2,0,0,0,0,1,0,0,0,1,0,0
9045,0,2,0,0,0,0,1,0,0,0,1,0,0
9046,0,1,0,0,0,0,0,0,0,0,1,0,0
9047,0,1,0,0,0,0,0,0,0,0,1,0,0
9048,1,2,0,0,0,0,0,0,1,0,1,0,0
9049,1,2,0,0,0,0,0,0,1,0,1,0,0
9050,1,8,1,0,0,1,1,1,1,1,1,1,1
9051,1,8,1,0,0,1,1,1,1,1,1,1,1
9052,1,9,1,1,0,1,1,1,1,1,1,1,1
9053,0,8,1,1,0,1,1,1,0,1,1,1,1
9054,1,9,1,1,1,1,1,1,0,1,1,1,1
9055,1,10,1,1,1,1,1,1,1,1,1,1,1
9056,0,9,1,1,1,1,1,1,0,1,1,1,1
9057,0,7,1,1,1,0,1,1,0,1,1,0,1
9058,0,5,0,1,1,0,1,0,0,0,1,0,1
9059,0,3,0,1,0,0,0,0,0,0,1,0,1
9060,0,1,0,0,0,0,0,0,0,0,1,0,0
9061,0,1,0,0,0,0,0,0,0,0,1,0,0
9062,0,1,0,0,0,0,0,0,0,0,1,0,0
9063,0,1,0,0,0,0,0,0,0,0,1,0,0
9064,1,2,0,0,0,0,0,0,1,0,1,0,0
9065,0,1,0,0,0,0,0,0,0,0,1,0,0
9066,0,1,0,0,0,0,0,0,0,0,1,0,0
9067,1,2,0,0,0,0,0,0,1,0,1,0,0
9068,1,2,0,0,0,0,0,0,1,0,1,0,0
9069,1,8,1,0,0,1,1,1,1,1,1,1,1
9070,0,8,1,0,0,1,1,1,1,1,1,1,1
9071,1,8,1,0,0,1,1,1,1,1,1,1,1
9072,0,9,1,1,0,1,1,1,1,1,1,1,1
9073,1,9,1,1,0,1,1,1,1,1,1,1,1
9074,0,9,1,1,1,1,1,1,0,1,1,1,1
9075,0,9,1,1,1,1,1,1,0,1,1,1,1
9076,1,10,1,1,1,1,1,1,1,1,1,1,1
9077,1,10,1,1,1,1,1,1,1,1,1,1,1
9078,1,10,1,1,1,1,1,1,1,1,1,1,1
9079,0,9,1,1,1,1,1,1,0,1,1,1,1
9080,0,9,1,1,1,1,1,1,0,1,1,1,1
9081,1,10,1,1,1,1,1,1,1,1,1,1,1
9082,0,9,1,1,1,1,1,1,0,1,1,1,1
9083,1,10,1,1,1,1,1,1,1,1,1,1,1
9084,1,10,1,1,1,1,1,1,1,1,1,1,1
9085,0,9,1,1,1,1,1,1,0,1,1,1,1
9086,0,9,1,1,1,1,1,1,0,1,1,1,1
9087,0,9,1,1,1,1,1,1,0,1,1,1,1
9088,0,8,1,1,1,1,1,1,0,1,1,1,0
9089,1,8,1,1,1,1,0,1,0,1,1,1,1
9090,1,9,1,1,1,1,0,1,1,1,1,1,1
9091,0,3,0,1,1,0,0,0,0,0,1,0,0
9092,0,2,0,0,1,0,0,0,0,0,1,0,0
9093,0,2,0,0,1,0,0,0,0,0,1,0,0
9094,0,2,0,0,1,0,0,0,0,0,1,0,0
9095,1,3,0,0,1,0,0,0,1,0,1,0,0
9096,1,5,0,0,1,1,0,0,1,0,1,1,0
9097,1,7,1,0,1,1,0,1,1,1,1,1,0
9098,0,4,0,0,1,1,0,0,0,0,1,1,0
9099,1,4,0,0,1,1,0,0,0,0,1,1,0
9100,1,5,0,0,1,1,0,0,1,0,1,1,0
9101,1,8,1,0,1,1,0,1,1,1,1,1,1
9102,0,3,0,0,1,0,0,0,0,0,1,0,1
9103,0,3,0,0,1,0,0,0,0,0,1,0,1
9104,0,3,0,0,1,0,0,0,0,0,1,0,1
9105,1,1,0,0,0,0,0,0,0,0,1,0,0
9106,0,1,0,0,0,0,0,0,0,0,1,0,0
9107,0,1,0,0,0,0,0,0,0,0,1,0,0
9108,1,7,1,0,0,1,0,1,1,1,1,1,1
9109,1,9,1,0,1,1,1,1,1,1,1,1,1
9110,1,10,1,1,1,1,1,1,1,1,1,1,1
9111,0,9,1,1,1,1,1,1,0,1,1,1,1
9112,1,10,1,1,1,1,1,1,1,1,1,1,1
9113,0,10,1,1,1,1,1,1,1,1,1,1,1
9114,1,9,1,1,1,1,1,1,0,1,1,1,1
9115,0,5,0,1,1,0,1,0,0,0,1,0,1
9116,0,4,0,1,1,0,0,0,0,0,1,0,1
9117,1,5,0,1,1,0,0,0,1,0,1,0,1
9118,0,1,0,0,0,0,0,0,0,0,1,0,0
9119,0,1,0,0,0,0,0,0,0,0,1,0,0
9120,0,1,0,0,0,0,0,0,0,0,1,0,0
9121,1,2,0,0,0,0,0,0,1,0,1,0,0
9122,0,2,0,0,0,0,0,0,1,0,1,0,0
9123,0,1,0,0,0,0,0,0,0,0,1,0,0
9124,1,2,0,0,0,0,0,0,1,0,1,0,0
9125,0,1,0,0,0,0,0,0,0,0,1,0,0
9126,1,1,0,0,0,0,0,0,0,0,1,0,0
9127,1,2,0,0,0,0,0,0,1,0,1,0,0
9128,0,1,0,0,0,0,0,0,0,0,1,0,0
9129,0,1,0,0,0,0,0,0,0,0,1,0,0
9130,0,1,0,0,0,0,0,0,0,0,1,0,0
9131,0,1,0,0,0,0,0,0,0,0,1,0,0
9132,0,1,0,0,0,0,0,0,0,0,1,0,0
9133,1,2,0,0,0,0,0,0,1,0,1,0,0
9134,0,2,0,0,0,0,0,0,1,0,1,0,0
9135,1,2,0,0,0,0,0,0,1,0,1,0,0
