"lambda","seed","threshold","Acc_val","BalAcc_val","F1_val","Sens_val","Spec_val","Acc_test","BalAcc_test","F1_test","Sens_test","Spec_test","Acc_flip_test","is_MC_test"
0,23,0.3,0.582236842105263,0.506036931818182,0.732631578947368,0.988636363636364,0.0234375,0.504918032786885,0.5,0.671023965141612,1,0,0.495081967213115,TRUE
0,23,0.35,0.585526315789474,0.511008522727273,0.733050847457627,0.982954545454545,0.0390625,0.501639344262295,0.496753246753247,0.668122270742358,0.993506493506494,0,0.498360655737705,TRUE
0,23,0.4,0.592105263157895,0.524147727272727,0.730434782608696,0.954545454545455,0.09375,0.514754098360656,0.510256299991399,0.668161434977579,0.967532467532468,0.0529801324503311,0.485245901639344,FALSE
0,23,0.45,0.582236842105263,0.533735795454545,0.699763593380615,0.840909090909091,0.2265625,0.508196721311475,0.505310914251312,0.621212121212121,0.798701298701299,0.211920529801325,0.491803278688525,FALSE
0,23,0.5,0.559210526315789,0.559659090909091,0.593939393939394,0.556818181818182,0.5625,0.491803278688525,0.491915369398813,0.488448844884488,0.480519480519481,0.503311258278146,0.508196721311475,FALSE
0,23,0.55,0.467105263157895,0.5078125,0.352,0.25,0.765625,0.488524590163934,0.491184312376365,0.303571428571429,0.220779220779221,0.76158940397351,0.511475409836066,FALSE
0,23,0.6,0.430921052631579,0.494673295454545,0.15609756097561,0.0909090909090909,0.8984375,0.501639344262295,0.506299991399329,0.0617283950617284,0.0324675324675325,0.980132450331126,0.498360655737705,FALSE
0,23,0.65,0.434210526315789,0.508167613636364,0.0752688172043011,0.0397727272727273,0.9765625,0.495081967213115,0.5,NA,0,1,0.504918032786885,TRUE
0,23,0.7,0.434210526315789,0.510298295454545,0.0549450549450549,0.0284090909090909,0.9921875,0.495081967213115,0.5,NA,0,1,0.504918032786885,TRUE
0,27,0.3,0.578947368421053,0.5,0.733333333333333,1,0,0.504918032786885,0.5,0.671023965141612,1,0,0.495081967213115,TRUE
0,27,0.35,0.578947368421053,0.5,0.733333333333333,1,0,0.504918032786885,0.5,0.671023965141612,1,0,0.495081967213115,TRUE
0,27,0.4,0.578947368421053,0.5,0.733333333333333,1,0,0.504918032786885,0.5,0.671023965141612,1,0,0.495081967213115,TRUE
0,27,0.45,0.598684210526316,0.539417613636364,0.725225225225225,0.914772727272727,0.1640625,0.508196721311475,0.504536853874602,0.642857142857143,0.876623376623377,0.132450331125828,0.491803278688525,FALSE
0,27,0.5,0.572368421052632,0.577414772727273,0.596273291925466,0.545454545454545,0.609375,0.495081967213115,0.495226627676959,0.490066225165563,0.480519480519481,0.509933774834437,0.504918032786885,FALSE
0,27,0.55,0.450657894736842,0.515980113636364,0.177339901477832,0.102272727272727,0.9296875,0.478688524590164,0.482863163326739,0.101694915254237,0.0584415584415584,0.907284768211921,0.521311475409836,FALSE
0,27,0.6,0.434210526315789,0.510298295454545,0.0549450549450549,0.0284090909090909,0.9921875,0.495081967213115,0.5,NA,0,1,0.504918032786885,TRUE
0,27,0.65,0.421052631578947,0.5,NA,0,1,0.495081967213115,0.5,NA,0,1,0.504918032786885,TRUE
0,27,0.7,0.421052631578947,0.5,NA,0,1,0.495081967213115,0.5,NA,0,1,0.504918032786885,TRUE
0,98,0.3,0.582236842105263,0.506036931818182,0.732631578947368,0.988636363636364,0.0234375,0.504918032786885,0.5,0.671023965141612,1,0,0.495081967213115,TRUE
0,98,0.35,0.592105263157895,0.518821022727273,0.736170212765958,0.982954545454545,0.0546875,0.501639344262295,0.496817751784639,0.666666666666667,0.987012987012987,0.00662251655629139,0.498360655737705,FALSE
0,98,0.4,0.592105263157895,0.524147727272727,0.730434782608696,0.954545454545455,0.09375,0.511475409836066,0.506880536681861,0.66815144766147,0.974025974025974,0.0397350993377483,0.488524590163934,FALSE
0,98,0.45,0.578947368421053,0.524502840909091,0.705069124423963,0.869318181818182,0.1796875,0.495081967213115,0.491614345918982,0.628019323671498,0.844155844155844,0.139072847682119,0.504918032786885,FALSE
0,98,0.5,0.578947368421053,0.577769886363636,0.616766467065868,0.585227272727273,0.5703125,0.511475409836066,0.511718414036295,0.501672240802676,0.487012987012987,0.536423841059603,0.488524590163934,FALSE
0,98,0.55,0.480263157894737,0.520241477272727,0.373015873015873,0.267045454545455,0.7734375,0.478688524590164,0.481444052636106,0.280542986425339,0.201298701298701,0.76158940397351,0.521311475409836,FALSE
0,98,0.6,0.440789473684211,0.503196022727273,0.182692307692308,0.107954545454545,0.8984375,0.488524590163934,0.492990453255354,0.0714285714285714,0.038961038961039,0.947019867549669,0.511475409836066,FALSE
0,98,0.65,0.430921052631579,0.503196022727273,0.0846560846560847,0.0454545454545455,0.9609375,0.498360655737705,0.503246753246753,0.0129032258064516,0.00649350649350649,1,0.501639344262295,FALSE
0,98,0.7,0.434210526315789,0.510298295454545,0.0549450549450549,0.0284090909090909,0.9921875,0.495081967213115,0.5,NA,0,1,0.504918032786885,TRUE
0,41,0.3,0.578947368421053,0.5,0.733333333333333,1,0,0.504918032786885,0.5,0.671023965141612,1,0,0.495081967213115,TRUE
0,41,0.35,0.582236842105263,0.506036931818182,0.732631578947368,0.988636363636364,0.0234375,0.504918032786885,0.5,0.671023965141612,1,0,0.495081967213115,TRUE
0,41,0.4,0.592105263157895,0.519886363636364,0.735042735042735,0.977272727272727,0.0625,0.511475409836066,0.506687021587684,0.672527472527473,0.993506493506494,0.0198675496688742,0.488524590163934,FALSE
0,41,0.45,0.611842105263158,0.556107954545455,0.730593607305936,0.909090909090909,0.203125,0.501639344262295,0.498172357443881,0.632850241545894,0.850649350649351,0.145695364238411,0.498360655737705,FALSE
0,41,0.5,0.5625,0.565696022727273,0.590769230769231,0.545454545454545,0.5859375,0.504918032786885,0.505095897480003,0.498338870431894,0.487012987012987,0.52317880794702,0.495081967213115,FALSE
0,41,0.55,0.444078947368421,0.494318181818182,0.268398268398268,0.176136363636364,0.8125,0.498360655737705,0.501892147587512,0.223350253807107,0.142857142857143,0.860927152317881,0.501639344262295,FALSE
0,41,0.6,0.434210526315789,0.508167613636364,0.0752688172043011,0.0397727272727273,0.9765625,0.491803278688525,0.496624236690462,0.0127388535031847,0.00649350649350649,0.986754966887417,0.508196721311475,FALSE
0,41,0.65,0.427631578947368,0.504616477272727,0.0333333333333333,0.0170454545454545,0.9921875,0.495081967213115,0.5,NA,0,1,0.504918032786885,TRUE
0,41,0.7,0.421052631578947,0.5,NA,0,1,0.495081967213115,0.5,NA,0,1,0.504918032786885,TRUE
0,64,0.3,0.578947368421053,0.5,0.733333333333333,1,0,0.504918032786885,0.5,0.671023965141612,1,0,0.495081967213115,TRUE
0,64,0.35,0.582236842105263,0.506036931818182,0.732631578947368,0.988636363636364,0.0234375,0.504918032786885,0.500064505031392,0.669584245076587,0.993506493506494,0.00662251655629139,0.495081967213115,FALSE
0,64,0.4,0.598684210526316,0.529829545454545,0.735930735930736,0.965909090909091,0.09375,0.524590163934426,0.520319084888621,0.669703872437358,0.954545454545455,0.0860927152317881,0.475409836065574,FALSE
0,64,0.45,0.585526315789474,0.537642045454545,0.701421800947867,0.840909090909091,0.234375,0.495081967213115,0.492388406295691,0.605128205128205,0.766233766233766,0.218543046357616,0.504918032786885,FALSE
0,64,0.5,0.555921052631579,0.563210227272727,0.574132492113565,0.517045454545455,0.609375,0.478688524590164,0.478992861443193,0.464646464646465,0.448051948051948,0.509933774834437,0.521311475409836,FALSE
0,64,0.55,0.453947368421053,0.502840909090909,0.290598290598291,0.193181818181818,0.8125,0.501639344262295,0.504880880708695,0.262135922330097,0.175324675324675,0.834437086092715,0.498360655737705,FALSE
0,64,0.6,0.430921052631579,0.504261363636364,0.0748663101604278,0.0397727272727273,0.96875,0.495081967213115,0.499870989937215,0.0253164556962025,0.012987012987013,0.986754966887417,0.504918032786885,FALSE
0,64,0.65,0.427631578947368,0.504616477272727,0.0333333333333333,0.0170454545454545,0.9921875,0.495081967213115,0.5,NA,0,1,0.504918032786885,TRUE
0,64,0.7,0.421052631578947,0.5,NA,0,1,0.495081967213115,0.5,NA,0,1,0.504918032786885,TRUE
0.05,23,0.3,0.582236842105263,0.506036931818182,0.732631578947368,0.988636363636364,0.0234375,0.504918032786885,0.5,0.671023965141612,1,0,0.495081967213115,TRUE
0.05,23,0.35,0.588815789473684,0.513849431818182,0.735729386892178,0.988636363636364,0.0390625,0.504918032786885,0.5,0.671023965141612,1,0,0.495081967213115,TRUE
0.05,23,0.4,0.592105263157895,0.524147727272727,0.730434782608696,0.954545454545455,0.09375,0.514754098360656,0.510191794960007,0.669642857142857,0.974025974025974,0.0463576158940397,0.485245901639344,FALSE
0.05,23,0.45,0.588815789473684,0.539417613636364,0.705882352941176,0.852272727272727,0.2265625,0.501639344262295,0.49868839769502,0.618090452261307,0.798701298701299,0.198675496688742,0.498360655737705,FALSE
0.05,23,0.5,0.559210526315789,0.559659090909091,0.593939393939394,0.556818181818182,0.5625,0.491803278688525,0.491786359336028,0.495114006514658,0.493506493506494,0.490066225165563,0.508196721311475,FALSE
0.05,23,0.55,0.467105263157895,0.5078125,0.352,0.25,0.765625,0.495081967213115,0.497871333964049,0.3,0.214285714285714,0.781456953642384,0.504918032786885,FALSE
0.05,23,0.6,0.430921052631579,0.494673295454545,0.15609756097561,0.0909090909090909,0.8984375,0.501639344262295,0.506299991399329,0.0617283950617284,0.0324675324675325,0.980132450331126,0.498360655737705,FALSE
0.05,23,0.65,0.434210526315789,0.508167613636364,0.0752688172043011,0.0397727272727273,0.9765625,0.495081967213115,0.5,NA,0,1,0.504918032786885,TRUE
0.05,23,0.7,0.427631578947368,0.504616477272727,0.0333333333333333,0.0170454545454545,0.9921875,0.495081967213115,0.5,NA,0,1,0.504918032786885,TRUE
0.05,27,0.3,0.578947368421053,0.5,0.733333333333333,1,0,0.504918032786885,0.5,0.671023965141612,1,0,0.495081967213115,TRUE
0.05,27,0.35,0.578947368421053,0.5,0.733333333333333,1,0,0.504918032786885,0.5,0.671023965141612,1,0,0.495081967213115,TRUE
0.05,27,0.4,0.578947368421053,0.5,0.733333333333333,1,0,0.504918032786885,0.5,0.671023965141612,1,0,0.495081967213115,TRUE
0.05,27,0.45,0.592105263157895,0.532670454545455,0.720720720720721,0.909090909090909,0.15625,0.508196721311475,0.504536853874602,0.642857142857143,0.876623376623377,0.132450331125828,0.491803278688525,FALSE
0.05,27,0.5,0.565789473684211,0.571732954545455,0.5875,0.534090909090909,0.609375,0.488524590163934,0.488862131246237,0.472972972972973,0.454545454545455,0.52317880794702,0.511475409836066,FALSE
0.05,27,0.55,0.450657894736842,0.517045454545455,0.169154228855721,0.0965909090909091,0.9375,0.478688524590164,0.482863163326739,0.101694915254237,0.0584415584415584,0.907284768211921,0.521311475409836,FALSE
0.05,27,0.6,0.434210526315789,0.510298295454545,0.0549450549450549,0.0284090909090909,0.9921875,0.495081967213115,0.5,NA,0,1,0.504918032786885,TRUE
0.05,27,0.65,0.421052631578947,0.5,NA,0,1,0.495081967213115,0.5,NA,0,1,0.504918032786885,TRUE
0.05,27,0.7,0.421052631578947,0.5,NA,0,1,0.495081967213115,0.5,NA,0,1,0.504918032786885,TRUE
0.05,98,0.3,0.582236842105263,0.506036931818182,0.732631578947368,0.988636363636364,0.0234375,0.504918032786885,0.500064505031392,0.669584245076587,0.993506493506494,0.00662251655629139,0.495081967213115,FALSE
0.05,98,0.35,0.592105263157895,0.518821022727273,0.736170212765958,0.982954545454545,0.0546875,0.501639344262295,0.496882256816032,0.665198237885463,0.980519480519481,0.0132450331125828,0.498360655737705,FALSE
0.05,98,0.4,0.592105263157895,0.524147727272727,0.730434782608696,0.954545454545455,0.09375,0.508196721311475,0.503569278403715,0.666666666666667,0.974025974025974,0.033112582781457,0.491803278688525,FALSE
0.05,98,0.45,0.578947368421053,0.5234375,0.706422018348624,0.875,0.171875,0.501639344262295,0.498107852412488,0.634615384615385,0.857142857142857,0.139072847682119,0.498360655737705,FALSE
0.05,98,0.5,0.588815789473684,0.590553977272727,0.620060790273556,0.579545454545455,0.6015625,0.524590163934426,0.525156962243055,0.498269896193772,0.467532467532468,0.582781456953642,0.475409836065574,FALSE
0.05,98,0.55,0.480263157894737,0.520241477272727,0.373015873015873,0.267045454545455,0.7734375,0.485245901639344,0.488066569192397,0.28310502283105,0.201298701298701,0.774834437086093,0.514754098360656,FALSE
0.05,98,0.6,0.440789473684211,0.503196022727273,0.182692307692308,0.107954545454545,0.8984375,0.495081967213115,0.499612969811645,0.072289156626506,0.038961038961039,0.960264900662252,0.504918032786885,FALSE
0.05,98,0.65,0.430921052631579,0.503196022727273,0.0846560846560847,0.0454545454545455,0.9609375,0.498360655737705,0.503246753246753,0.0129032258064516,0.00649350649350649,1,0.501639344262295,FALSE
0.05,98,0.7,0.434210526315789,0.510298295454545,0.0549450549450549,0.0284090909090909,0.9921875,0.495081967213115,0.5,NA,0,1,0.504918032786885,TRUE
0.05,41,0.3,0.578947368421053,0.5,0.733333333333333,1,0,0.504918032786885,0.5,0.671023965141612,1,0,0.495081967213115,TRUE
0.05,41,0.35,0.582236842105263,0.506036931818182,0.732631578947368,0.988636363636364,0.0234375,0.504918032786885,0.5,0.671023965141612,1,0,0.495081967213115,TRUE
0.05,41,0.4,0.592105263157895,0.519886363636364,0.735042735042735,0.977272727272727,0.0625,0.511475409836066,0.506687021587684,0.672527472527473,0.993506493506494,0.0198675496688742,0.488524590163934,FALSE
0.05,41,0.45,0.608552631578947,0.552201704545455,0.728929384965831,0.909090909090909,0.1953125,0.498360655737705,0.494925604197127,0.62953995157385,0.844155844155844,0.145695364238411,0.501639344262295,FALSE
0.05,41,0.5,0.5625,0.565696022727273,0.590769230769231,0.545454545454545,0.5859375,0.521311475409836,0.521652188870732,0.506756756756757,0.487012987012987,0.556291390728477,0.478688524590164,FALSE
0.05,41,0.55,0.4375,0.488636363636364,0.253275109170306,0.164772727272727,0.8125,0.491803278688525,0.495463146125398,0.196891191709845,0.123376623376623,0.867549668874172,0.508196721311475,FALSE
0.05,41,0.6,0.434210526315789,0.508167613636364,0.0752688172043011,0.0397727272727273,0.9765625,0.491803278688525,0.496624236690462,0.0127388535031847,0.00649350649350649,0.986754966887417,0.508196721311475,FALSE
0.05,41,0.65,0.427631578947368,0.504616477272727,0.0333333333333333,0.0170454545454545,0.9921875,0.495081967213115,0.5,NA,0,1,0.504918032786885,TRUE
0.05,41,0.7,0.421052631578947,0.5,NA,0,1,0.495081967213115,0.5,NA,0,1,0.504918032786885,TRUE
0.05,64,0.3,0.578947368421053,0.5,0.733333333333333,1,0,0.504918032786885,0.5,0.671023965141612,1,0,0.495081967213115,TRUE
0.05,64,0.35,0.582236842105263,0.506036931818182,0.732631578947368,0.988636363636364,0.0234375,0.504918032786885,0.500064505031392,0.669584245076587,0.993506493506494,0.00662251655629139,0.495081967213115,FALSE
0.05,64,0.4,0.598684210526316,0.528764204545455,0.737068965517241,0.971590909090909,0.0859375,0.524590163934426,0.520190074825836,0.672686230248307,0.967532467532468,0.0728476821192053,0.475409836065574,FALSE
0.05,64,0.45,0.585526315789474,0.536576704545455,0.702830188679245,0.846590909090909,0.2265625,0.495081967213115,0.492388406295691,0.605128205128205,0.766233766233766,0.218543046357616,0.504918032786885,FALSE
0.05,64,0.5,0.555921052631579,0.562144886363636,0.57680250783699,0.522727272727273,0.6015625,0.478688524590164,0.478992861443193,0.464646464646465,0.448051948051948,0.509933774834437,0.521311475409836,FALSE
0.05,64,0.55,0.460526315789474,0.510653409090909,0.293103448275862,0.193181818181818,0.828125,0.501639344262295,0.504945385740088,0.254901960784314,0.168831168831169,0.841059602649007,0.498360655737705,FALSE
0.05,64,0.6,0.434210526315789,0.508167613636364,0.0752688172043011,0.0397727272727273,0.9765625,0.491803278688525,0.496624236690462,0.0127388535031847,0.00649350649350649,0.986754966887417,0.508196721311475,FALSE
0.05,64,0.65,0.427631578947368,0.504616477272727,0.0333333333333333,0.0170454545454545,0.9921875,0.495081967213115,0.5,NA,0,1,0.504918032786885,TRUE
0.05,64,0.7,0.421052631578947,0.5,NA,0,1,0.495081967213115,0.5,NA,0,1,0.504918032786885,TRUE
0.1,23,0.3,0.582236842105263,0.506036931818182,0.732631578947368,0.988636363636364,0.0234375,0.504918032786885,0.5,0.671023965141612,1,0,0.495081967213115,TRUE
0.1,23,0.35,0.588815789473684,0.513849431818182,0.735729386892178,0.988636363636364,0.0390625,0.504918032786885,0.5,0.671023965141612,1,0,0.495081967213115,TRUE
0.1,23,0.4,0.592105263157895,0.524147727272727,0.730434782608696,0.954545454545455,0.09375,0.508196721311475,0.503569278403715,0.666666666666667,0.974025974025974,0.033112582781457,0.491803278688525,FALSE
0.1,23,0.45,0.595394736842105,0.545099431818182,0.711943793911007,0.863636363636364,0.2265625,0.501639344262295,0.49868839769502,0.618090452261307,0.798701298701299,0.198675496688742,0.498360655737705,FALSE
0.1,23,0.5,0.559210526315789,0.559659090909091,0.593939393939394,0.556818181818182,0.5625,0.491803278688525,0.49210888449299,0.478114478114478,0.461038961038961,0.52317880794702,0.508196721311475,FALSE
0.1,23,0.55,0.467105263157895,0.5078125,0.352,0.25,0.765625,0.495081967213115,0.497871333964049,0.3,0.214285714285714,0.781456953642384,0.504918032786885,FALSE
0.1,23,0.6,0.430921052631579,0.495738636363636,0.147783251231527,0.0852272727272727,0.90625,0.501639344262295,0.506299991399329,0.0617283950617284,0.0324675324675325,0.980132450331126,0.498360655737705,FALSE
0.1,23,0.65,0.434210526315789,0.509232954545455,0.0652173913043478,0.0340909090909091,0.984375,0.495081967213115,0.5,NA,0,1,0.504918032786885,TRUE
0.1,23,0.7,0.427631578947368,0.504616477272727,0.0333333333333333,0.0170454545454545,0.9921875,0.495081967213115,0.5,NA,0,1,0.504918032786885,TRUE
0.1,27,0.3,0.578947368421053,0.5,0.733333333333333,1,0,0.504918032786885,0.5,0.671023965141612,1,0,0.495081967213115,TRUE
0.1,27,0.35,0.578947368421053,0.5,0.733333333333333,1,0,0.504918032786885,0.5,0.671023965141612,1,0,0.495081967213115,TRUE
0.1,27,0.4,0.578947368421053,0.5,0.733333333333333,1,0,0.504918032786885,0.5,0.671023965141612,1,0,0.495081967213115,TRUE
0.1,27,0.45,0.592105263157895,0.530539772727273,0.723214285714286,0.920454545454545,0.140625,0.508196721311475,0.504536853874602,0.642857142857143,0.876623376623377,0.132450331125828,0.491803278688525,FALSE
0.1,27,0.5,0.565789473684211,0.571732954545455,0.5875,0.534090909090909,0.609375,0.485245901639344,0.485486367936699,0.474916387959866,0.461038961038961,0.509933774834437,0.514754098360656,FALSE
0.1,27,0.55,0.450657894736842,0.517045454545455,0.169154228855721,0.0965909090909091,0.9375,0.478688524590164,0.482863163326739,0.101694915254237,0.0584415584415584,0.907284768211921,0.521311475409836,FALSE
0.1,27,0.6,0.427631578947368,0.504616477272727,0.0333333333333333,0.0170454545454545,0.9921875,0.495081967213115,0.5,NA,0,1,0.504918032786885,TRUE
0.1,27,0.65,0.421052631578947,0.5,NA,0,1,0.495081967213115,0.5,NA,0,1,0.504918032786885,TRUE
0.1,27,0.7,0.421052631578947,0.5,NA,0,1,0.495081967213115,0.5,NA,0,1,0.504918032786885,TRUE
0.1,98,0.3,0.578947368421053,0.5,0.733333333333333,1,0,0.504918032786885,0.5,0.671023965141612,1,0,0.495081967213115,TRUE
0.1,98,0.35,0.578947368421053,0.5,0.733333333333333,1,0,0.504918032786885,0.5,0.671023965141612,1,0,0.495081967213115,TRUE
0.1,98,0.4,0.578947368421053,0.5,0.733333333333333,1,0,0.504918032786885,0.500064505031392,0.669584245076587,0.993506493506494,0.00662251655629139,0.495081967213115,FALSE
0.1,98,0.45,0.601973684210526,0.536931818181818,0.734065934065934,0.948863636363636,0.125,0.511475409836066,0.507396576933001,0.655889145496536,0.922077922077922,0.0927152317880795,0.488524590163934,FALSE
0.1,98,0.5,0.5625,0.552911931818182,0.6189111747851,0.613636363636364,0.4921875,0.495081967213115,0.494001032080502,0.547058823529412,0.603896103896104,0.384105960264901,0.504918032786885,FALSE
0.1,98,0.55,0.427631578947368,0.504616477272727,0.0333333333333333,0.0170454545454545,0.9921875,0.495081967213115,0.499935494968608,0.0128205128205128,0.00649350649350649,0.993377483443709,0.504918032786885,FALSE
0.1,98,0.6,0.421052631578947,0.5,NA,0,1,0.495081967213115,0.5,NA,0,1,0.504918032786885,TRUE
0.1,98,0.65,0.421052631578947,0.5,NA,0,1,0.495081967213115,0.5,NA,0,1,0.504918032786885,TRUE
0.1,98,0.7,0.421052631578947,0.5,NA,0,1,0.495081967213115,0.5,NA,0,1,0.504918032786885,TRUE
0.1,41,0.3,0.578947368421053,0.5,0.733333333333333,1,0,0.504918032786885,0.5,0.671023965141612,1,0,0.495081967213115,TRUE
0.1,41,0.35,0.582236842105263,0.506036931818182,0.732631578947368,0.988636363636364,0.0234375,0.504918032786885,0.5,0.671023965141612,1,0,0.495081967213115,TRUE
0.1,41,0.4,0.592105263157895,0.519886363636364,0.735042735042735,0.977272727272727,0.0625,0.511475409836066,0.506687021587684,0.672527472527473,0.993506493506494,0.0198675496688742,0.488524590163934,FALSE
0.1,41,0.45,0.601973684210526,0.546519886363636,0.723112128146453,0.897727272727273,0.1953125,0.504918032786885,0.501548120753419,0.632603406326034,0.844155844155844,0.158940397350993,0.495081967213115,FALSE
0.1,41,0.5,0.5625,0.565696022727273,0.590769230769231,0.545454545454545,0.5859375,0.518032786885246,0.518340930592586,0.505050505050505,0.487012987012987,0.549668874172185,0.481967213114754,FALSE
0.1,41,0.55,0.4375,0.490767045454545,0.24,0.153409090909091,0.828125,0.491803278688525,0.495463146125398,0.196891191709845,0.123376623376623,0.867549668874172,0.508196721311475,FALSE
0.1,41,0.6,0.434210526315789,0.508167613636364,0.0752688172043011,0.0397727272727273,0.9765625,0.491803278688525,0.496688741721854,NA,0,0.993377483443709,0.508196721311475,TRUE
0.1,41,0.65,0.421052631578947,0.498934659090909,0.0112359550561798,0.00568181818181818,0.9921875,0.495081967213115,0.5,NA,0,1,0.504918032786885,TRUE
0.1,41,0.7,0.421052631578947,0.5,NA,0,1,0.495081967213115,0.5,NA,0,1,0.504918032786885,TRUE
0.1,64,0.3,0.588815789473684,0.513849431818182,0.735729386892178,0.988636363636364,0.0390625,0.504918032786885,0.500129010062785,0.668131868131868,0.987012987012987,0.0132450331125828,0.495081967213115,FALSE
0.1,64,0.35,0.592105263157895,0.523082386363636,0.731601731601732,0.960227272727273,0.0859375,0.501639344262295,0.497140276941601,0.659192825112108,0.954545454545455,0.0397350993377483,0.498360655737705,FALSE
0.1,64,0.4,0.592105263157895,0.530539772727273,0.723214285714286,0.920454545454545,0.140625,0.495081967213115,0.490904790573665,0.646788990825688,0.915584415584416,0.0662251655629139,0.504918032786885,FALSE
0.1,64,0.45,0.578947368421053,0.542613636363636,0.68,0.772727272727273,0.3125,0.527868852459016,0.524984948826008,0.636363636363636,0.818181818181818,0.231788079470199,0.472131147540984,FALSE
0.1,64,0.5,0.578947368421053,0.583096590909091,0.604938271604938,0.556818181818182,0.609375,0.501639344262295,0.502558699578567,0.453237410071942,0.409090909090909,0.596026490066225,0.498360655737705,FALSE
0.1,64,0.55,0.470394736842105,0.509588068181818,0.363636363636364,0.261363636363636,0.7578125,0.495081967213115,0.497871333964049,0.3,0.214285714285714,0.781456953642384,0.504918032786885,FALSE
0.1,64,0.6,0.450657894736842,0.506392045454545,0.244343891402715,0.153409090909091,0.859375,0.501639344262295,0.505461425991227,0.191489361702128,0.116883116883117,0.894039735099338,0.498360655737705,FALSE
0.1,64,0.65,0.427631578947368,0.491832386363636,0.147058823529412,0.0852272727272727,0.8984375,0.498360655737705,0.502988733121183,0.0613496932515337,0.0324675324675325,0.973509933774834,0.501639344262295,FALSE
0.1,64,0.7,0.430921052631579,0.504261363636364,0.0748663101604278,0.0397727272727273,0.96875,0.498360655737705,0.503246753246753,0.0129032258064516,0.00649350649350649,1,0.501639344262295,FALSE
